#Organism Name,Organism Groups,Strain,BioSample,BioProject,Assembly,Level,Size(Mb),GC%,Replicons,WGS,Scaffolds,CDS,Release Date,GenBank FTP,RefSeq FTP
"Shewanella baltica OS678","Bacteria;Proteobacteria;Gammaproteobacteria","OS678","SAMN00016780","PRJNA47019","GCA_000178875.2","Complete",5.36877,46.276,"chromosome:NC_016901.1/CP002383.1; plasmid pSBAL67801:NC_016905.1/CP002384.1",,2,4433,"2010-12-21T00:00:00Z","ftp://ftp.ncbi.nlm.nih.gov/genomes/all/GCA/000/178/875/GCA_000178875.2_ASM17887v2","ftp://ftp.ncbi.nlm.nih.gov/genomes/all/GCF/000/178/875/GCF_000178875.2_ASM17887v2"
"Shewanella amazonensis SB2B","Bacteria;Proteobacteria;Gammaproteobacteria","SB2B","SAMN02598298","PRJNA13385","GCA_000015245.1","Complete",4.30614,53.6,"chromosome:NC_008700.1/CP000507.1",,1,3655,"2006-12-21T00:00:00Z","ftp://ftp.ncbi.nlm.nih.gov/genomes/all/GCA/000/015/245/GCA_000015245.1_ASM1524v1","ftp://ftp.ncbi.nlm.nih.gov/genomes/all/GCF/000/015/245/GCF_000015245.1_ASM1524v1"
"Shewanella denitrificans OS217","Bacteria;Proteobacteria;Gammaproteobacteria","OS217","SAMN02598300","PRJNA13390","GCA_000013765.1","Complete",4.54591,45.1,"chromosome:NC_007954.1/CP000302.1",,1,3748,"2006-04-10T00:00:00Z","ftp://ftp.ncbi.nlm.nih.gov/genomes/all/GCA/000/013/765/GCA_000013765.1_ASM1376v1","ftp://ftp.ncbi.nlm.nih.gov/genomes/all/GCF/000/013/765/GCF_000013765.1_ASM1376v1"
"Shewanella frigidimarina NCIMB 400","Bacteria;Proteobacteria;Gammaproteobacteria","NCIMB 400","SAMN02598301","PRJNA13391","GCA_000014705.1","Complete",4.84526,41.6,"chromosome:NC_008345.1/CP000447.1",,1,3994,"2006-09-14T00:00:00Z","ftp://ftp.ncbi.nlm.nih.gov/genomes/all/GCA/000/014/705/GCA_000014705.1_ASM1470v1","ftp://ftp.ncbi.nlm.nih.gov/genomes/all/GCF/000/014/705/GCF_000014705.1_ASM1470v1"
"Shewanella loihica PV-4","Bacteria;Proteobacteria;Gammaproteobacteria","PV-4","SAMN00623064","PRJNA13906","GCA_000016065.1","Complete",4.60259,53.7,"chromosome:NC_009092.1/CP000606.1",,1,3891,"2007-03-07T00:00:00Z","ftp://ftp.ncbi.nlm.nih.gov/genomes/all/GCA/000/016/065/GCA_000016065.1_ASM1606v1","ftp://ftp.ncbi.nlm.nih.gov/genomes/all/GCF/000/016/065/GCF_000016065.1_ASM1606v1"
"Shewanella violacea DSS12","Bacteria;Proteobacteria;Gammaproteobacteria","DSS12","SAMD00060963","PRJDA34739","GCA_000091325.1","Complete",4.9621,44.7,"chromosome:NC_014012.1/AP011177.1",,1,3888,"2010-04-01T23:08:00Z","ftp://ftp.ncbi.nlm.nih.gov/genomes/all/GCA/000/091/325/GCA_000091325.1_ASM9132v1","ftp://ftp.ncbi.nlm.nih.gov/genomes/all/GCF/000/091/325/GCF_000091325.1_ASM9132v1"
"Shewanella pealeana ATCC 700345","Bacteria;Proteobacteria;Gammaproteobacteria","ATCC 700345","SAMN02598386","PRJNA17415","GCA_000018285.1","Complete",5.17458,44.7,"chromosome:NC_009901.1/CP000851.1",,1,4234,"2007-10-04T00:00:00Z","ftp://ftp.ncbi.nlm.nih.gov/genomes/all/GCA/000/018/285/GCA_000018285.1_ASM1828v1","ftp://ftp.ncbi.nlm.nih.gov/genomes/all/GCF/000/018/285/GCF_000018285.1_ASM1828v1"
"Shewanella woodyi ATCC 51908","Bacteria;Proteobacteria;Gammaproteobacteria","ATCC 51908","SAMN02598391","PRJNA17455","GCA_000019525.1","Complete",5.9354,43.7,"chromosome:NC_010506.1/CP000961.1",,1,4870,"2008-03-13T00:00:00Z","ftp://ftp.ncbi.nlm.nih.gov/genomes/all/GCA/000/019/525/GCA_000019525.1_ASM1952v1","ftp://ftp.ncbi.nlm.nih.gov/genomes/all/GCF/000/019/525/GCF_000019525.1_ASM1952v1"
"Shewanella piezotolerans WP3","Bacteria;Proteobacteria;Gammaproteobacteria","WP3","SAMN02603456","PRJNA17675","GCA_000014885.1","Complete",5.39648,43.3,"chromosome:NC_011566.1/CP000472.1",,1,4390,"2008-11-13T00:00:00Z","ftp://ftp.ncbi.nlm.nih.gov/genomes/all/GCA/000/014/885/GCA_000014885.1_ASM1488v1","ftp://ftp.ncbi.nlm.nih.gov/genomes/all/GCF/000/014/885/GCF_000014885.1_ASM1488v1"
"Shewanella sediminis HAW-EB3","Bacteria;Proteobacteria;Gammaproteobacteria","HAW-EB3","SAMN02598412","PRJNA18789","GCA_000018025.1","Complete",5.51767,46.1,"chromosome:NC_009831.1/CP000821.1",,1,4529,"2007-09-18T00:00:00Z","ftp://ftp.ncbi.nlm.nih.gov/genomes/all/GCA/000/018/025/GCA_000018025.1_ASM1802v1","ftp://ftp.ncbi.nlm.nih.gov/genomes/all/GCF/000/018/025/GCF_000018025.1_ASM1802v1"
"Shewanella halifaxensis HAW-EB4","Bacteria;Proteobacteria;Gammaproteobacteria","HAW-EB4","SAMN02598431","PRJNA20241","GCA_000019185.1","Complete",5.22692,44.6,"chromosome:NC_010334.1/CP000931.1",,1,4293,"2008-02-07T00:00:00Z","ftp://ftp.ncbi.nlm.nih.gov/genomes/all/GCA/000/019/185/GCA_000019185.1_ASM1918v1","ftp://ftp.ncbi.nlm.nih.gov/genomes/all/GCF/000/019/185/GCF_000019185.1_ASM1918v1"
"Shewanella sp. YLB-06","Bacteria;Proteobacteria;Gammaproteobacteria","YLB-06","SAMN12228833","PRJNA553076","GCA_007197555.1","Complete",6.4492,45.1,"chromosome:NZ_CP041614.1/CP041614.1",,1,5042,"2019-07-20T00:00:00Z","ftp://ftp.ncbi.nlm.nih.gov/genomes/all/GCA/007/197/555/GCA_007197555.1_ASM719755v1","ftp://ftp.ncbi.nlm.nih.gov/genomes/all/GCF/007/197/555/GCF_007197555.1_ASM719755v1"
"Shewanella psychrophila","Bacteria;Proteobacteria;Gammaproteobacteria","WP2","SAMN04370084","PRJNA306925","GCA_002005305.1","Complete",6.35341,44.3,"chromosome:NZ_CP014782.1/CP014782.1",,1,5275,"2017-02-21T00:00:00Z","ftp://ftp.ncbi.nlm.nih.gov/genomes/all/GCA/002/005/305/GCA_002005305.1_ASM200530v1","ftp://ftp.ncbi.nlm.nih.gov/genomes/all/GCF/002/005/305/GCF_002005305.1_ASM200530v1"
"Shewanella japonica","Bacteria;Proteobacteria;Gammaproteobacteria","KCTC 22435","SAMN06628905","PRJNA380174","GCA_002075795.1","Complete",4.97568,40.8,"chromosome:NZ_CP020472.1/CP020472.1",,1,4051,"2017-03-31T00:00:00Z","ftp://ftp.ncbi.nlm.nih.gov/genomes/all/GCA/002/075/795/GCA_002075795.1_ASM207579v1","ftp://ftp.ncbi.nlm.nih.gov/genomes/all/GCF/002/075/795/GCF_002075795.1_ASM207579v1"
"Shewanella marisflavi","Bacteria;Proteobacteria;Gammaproteobacteria","EP1","SAMN07296262","PRJNA392357","GCA_002215585.1","Complete",4.32145,50,"chromosome:NZ_CP022272.1/CP022272.1",,1,3650,"2017-07-06T00:00:00Z","ftp://ftp.ncbi.nlm.nih.gov/genomes/all/GCA/002/215/585/GCA_002215585.1_ASM221558v1","ftp://ftp.ncbi.nlm.nih.gov/genomes/all/GCF/002/215/585/GCF_002215585.1_ASM221558v1"
"Shewanella bicestrii","Bacteria;Proteobacteria;Gammaproteobacteria","JAB-1","SAMN07326684","PRJNA393250","GCA_002216875.1","Complete",5.00441,48.1317,"chromosome:NZ_CP022358.1/CP022358.1; plasmid pSHE-2:NZ_CP022360.1/CP022360.1; plasmid pSHE-CTX-M:NZ_CP022359.1/CP022359.1",,3,4225,"2017-07-12T00:00:00Z","ftp://ftp.ncbi.nlm.nih.gov/genomes/all/GCA/002/216/875/GCA_002216875.1_ASM221687v1","ftp://ftp.ncbi.nlm.nih.gov/genomes/all/GCF/002/216/875/GCF_002216875.1_ASM221687v1"
"Shewanella livingstonensis","Bacteria;Proteobacteria;Gammaproteobacteria","LMG 19866","SAMN10397595","PRJNA504722","GCA_003855395.1","Complete",4.83988,41.1,"chromosome:NZ_CP034015.1/CP034015.1",,1,3994,"2018-12-02T00:00:00Z","ftp://ftp.ncbi.nlm.nih.gov/genomes/all/GCA/003/855/395/GCA_003855395.1_ASM385539v1","ftp://ftp.ncbi.nlm.nih.gov/genomes/all/GCF/003/855/395/GCF_003855395.1_ASM385539v1"
"Shewanella donghaensis","Bacteria;Proteobacteria;Gammaproteobacteria","LT17","SAMN12340636","PRJNA556082","GCA_007567505.1","Complete",4.91277,40.2,"chromosome:NZ_CP041783.1/CP041783.1",,1,4007,"2019-07-29T00:00:00Z","ftp://ftp.ncbi.nlm.nih.gov/genomes/all/GCA/007/567/505/GCA_007567505.1_ASM756750v1","ftp://ftp.ncbi.nlm.nih.gov/genomes/all/GCF/007/567/505/GCF_007567505.1_ASM756750v1"
"Shewanella maritima","Bacteria;Proteobacteria;Gammaproteobacteria","D4-2","SAMN10928316","PRJNA522310","GCA_004295345.1","Complete",4.71801,44.5,"chromosome:NZ_CP036200.1/CP036200.1",,1,3762,"2019-02-25T00:00:00Z","ftp://ftp.ncbi.nlm.nih.gov/genomes/all/GCA/004/295/345/GCA_004295345.1_ASM429534v1","ftp://ftp.ncbi.nlm.nih.gov/genomes/all/GCF/004/295/345/GCF_004295345.1_ASM429534v1"
"Shewanella polaris","Bacteria;Proteobacteria;Gammaproteobacteria","SM1901","SAMN12027935","PRJNA548024","GCA_006385555.1","Complete",4.64854,40.5,"chromosome:NZ_CP041036.1/CP041036.1",,1,3857,"2019-06-23T00:00:00Z","ftp://ftp.ncbi.nlm.nih.gov/genomes/all/GCA/006/385/555/GCA_006385555.1_ASM638555v1","ftp://ftp.ncbi.nlm.nih.gov/genomes/all/GCF/006/385/555/GCF_006385555.1_ASM638555v1"
"Shewanella khirikhana","Bacteria;Proteobacteria;Gammaproteobacteria","TH2012","SAMN06480555","PRJNA378141","GCA_003957745.1","Complete",4.859,54.8295,"chromosome:NZ_CP020373.1/CP020373.1; plasmid pSTH1:NZ_CP020374.1/CP020374.1",,2,4094,"2018-12-21T00:00:00Z","ftp://ftp.ncbi.nlm.nih.gov/genomes/all/GCA/003/957/745/GCA_003957745.1_ASM395774v1","ftp://ftp.ncbi.nlm.nih.gov/genomes/all/GCF/003/957/745/GCF_003957745.1_ASM395774v1"
"Shewanella aestuarii","Bacteria;Proteobacteria;Gammaproteobacteria","PN3F2","SAMN14403888","PRJNA613404","GCA_011765625.1","Complete",4.47286,40.931,"chromosome PN3F2:NZ_CP050313.1/CP050313.1; plasmid pPN3F2_1:NZ_CP050314.1/CP050314.1; plasmid pPN3F2_2:NZ_CP050315.1/CP050315.1",,3,3618,"2020-03-29T00:00:00Z","ftp://ftp.ncbi.nlm.nih.gov/genomes/all/GCA/011/765/625/GCA_011765625.1_ASM1176562v1","ftp://ftp.ncbi.nlm.nih.gov/genomes/all/GCF/011/765/625/GCF_011765625.1_ASM1176562v1"
"Shewanella chilikensis","Bacteria;Proteobacteria;Gammaproteobacteria","DC57","SAMN13198336","PRJNA587689","GCA_011106835.1","Complete",4.91043,52.4,"chromosome:NZ_CP045857.1/CP045857.1",,1,4185,"2020-03-10T00:00:00Z","ftp://ftp.ncbi.nlm.nih.gov/genomes/all/GCA/011/106/835/GCA_011106835.1_ASM1110683v1","ftp://ftp.ncbi.nlm.nih.gov/genomes/all/GCF/011/106/835/GCF_011106835.1_ASM1110683v1"
"Shewanella marisflavi","Bacteria;Proteobacteria;Gammaproteobacteria","ECSMB14101","SAMN11840576","PRJNA544427","GCA_006494755.1","Complete",4.34349,49.9,"chromosome:NZ_CP041153.1/CP041153.1",,1,3651,"2019-06-27T00:00:00Z","ftp://ftp.ncbi.nlm.nih.gov/genomes/all/GCA/006/494/755/GCA_006494755.1_ASM649475v1","ftp://ftp.ncbi.nlm.nih.gov/genomes/all/GCF/006/494/755/GCF_006494755.1_ASM649475v1"
"Shewanella sp. YLB-09","Bacteria;Proteobacteria;Gammaproteobacteria","YLB-09","SAMN12496327","PRJNA558679","GCA_009372175.1","Complete",6.22549,43.6,"chromosome:NZ_CP045427.1/CP045427.1",,1,5124,"2019-10-28T00:00:00Z","ftp://ftp.ncbi.nlm.nih.gov/genomes/all/GCA/009/372/175/GCA_009372175.1_ASM937217v1","ftp://ftp.ncbi.nlm.nih.gov/genomes/all/GCF/009/372/175/GCF_009372175.1_ASM937217v1"
"Shewanella benthica","Bacteria;Proteobacteria;Gammaproteobacteria","DB21MT-2","SAMEA104724135","PRJEB25587","GCA_900476435.1","Complete",4.35351,45.9,"chromosome SHEWBE:NZ_LS483452.1/LS483452.1",,1,3455,"2018-06-24T00:00:00Z","ftp://ftp.ncbi.nlm.nih.gov/genomes/all/GCA/900/476/435/GCA_900476435.1_SHEWBE_PRJEB25587v2","ftp://ftp.ncbi.nlm.nih.gov/genomes/all/GCF/900/476/435/GCF_900476435.1_SHEWBE_PRJEB25587v2"
"Shewanella oneidensis MR-1","Bacteria;Proteobacteria;Gammaproteobacteria","MR-1","SAMN02604014","PRJNA335","GCA_000146165.2","Complete",5.13142,45.9276,"chromosome:NC_004347.2/AE014299.2; plasmid megaplasmid:NC_004349.1/AE014300.1",,2,4262,"2002-09-12T00:00:00Z","ftp://ftp.ncbi.nlm.nih.gov/genomes/all/GCA/000/146/165/GCA_000146165.2_ASM14616v2","ftp://ftp.ncbi.nlm.nih.gov/genomes/all/GCF/000/146/165/GCF_000146165.2_ASM14616v2"
"Shewanella sp. YLB-08","Bacteria;Proteobacteria;Gammaproteobacteria","YLB-08","SAMN12228874","PRJNA553078","GCA_007004545.2","Complete",5.78546,43.5,"chromosome:NZ_CP045503.1/CP045503.1",,1,4698,"2019-10-24T00:00:00Z","ftp://ftp.ncbi.nlm.nih.gov/genomes/all/GCA/007/004/545/GCA_007004545.2_ASM700454v2","ftp://ftp.ncbi.nlm.nih.gov/genomes/all/GCF/007/004/545/GCF_007004545.2_ASM700454v2"
"Shewanella sp. KX20019","Bacteria;Proteobacteria;Gammaproteobacteria","KX20019","SAMN17370031","PRJNA692780","GCA_016757755.1","Complete",5.32922,43.774,"chromosome:CP068437.1; plasmid p1:CP068438.1",,2,4442,"2021-01-27T00:00:00Z","ftp://ftp.ncbi.nlm.nih.gov/genomes/all/GCA/016/757/755/GCA_016757755.1_ASM1675775v1","ftp://ftp.ncbi.nlm.nih.gov/genomes/all/GCF/016/757/755/GCF_016757755.1_ASM1675775v1"
"Shewanella baltica OS185","Bacteria;Proteobacteria;Gammaproteobacteria","OS185","SAMN02598398","PRJNA17643","GCA_000017325.1","Complete",5.31291,46.2593,"chromosome:NC_009665.1/CP000753.1; plasmid pS18501:NC_009661.1/CP000754.1",,2,4400,"2007-07-10T00:00:00Z","ftp://ftp.ncbi.nlm.nih.gov/genomes/all/GCA/000/017/325/GCA_000017325.1_ASM1732v1","ftp://ftp.ncbi.nlm.nih.gov/genomes/all/GCF/000/017/325/GCF_000017325.1_ASM1732v1"
"Shewanella sp. WE21","Bacteria;Proteobacteria;Gammaproteobacteria","WE21","SAMN06562699","PRJNA400253","GCA_002966515.1","Complete",5.26675,45.3,"chromosome:NZ_CP023019.1/CP023019.1",,1,4375,"2018-03-01T00:00:00Z","ftp://ftp.ncbi.nlm.nih.gov/genomes/all/GCA/002/966/515/GCA_002966515.1_ASM296651v1","ftp://ftp.ncbi.nlm.nih.gov/genomes/all/GCF/002/966/515/GCF_002966515.1_ASM296651v1"
"Shewanella sp. Scap07","Bacteria;Proteobacteria;Gammaproteobacteria","Scap07","SAMN12071508","PRJNA549111","GCA_013394145.1","Complete",5.12964,45.3,"chromosome:NZ_CP041329.1/CP041329.1",,1,4376,"2020-07-08T00:00:00Z","ftp://ftp.ncbi.nlm.nih.gov/genomes/all/GCA/013/394/145/GCA_013394145.1_ASM1339414v1","ftp://ftp.ncbi.nlm.nih.gov/genomes/all/GCF/013/394/145/GCF_013394145.1_ASM1339414v1"
"Shewanella sp. FDAARGOS_354","Bacteria;Proteobacteria;Gammaproteobacteria","FDAARGOS_354","SAMN06173367","PRJNA231221","GCA_002209245.2","Complete",5.06998,46.3767,"chromosome:NZ_CP022089.2/CP022089.2; plasmid unnamed1:NZ_CP022090.2/CP022090.2",,2,4206,"2017-06-27T00:00:00Z","ftp://ftp.ncbi.nlm.nih.gov/genomes/all/GCA/002/209/245/GCA_002209245.2_ASM220924v2","ftp://ftp.ncbi.nlm.nih.gov/genomes/all/GCF/002/209/245/GCF_002209245.2_ASM220924v2"
"Shewanella sp. Pdp11","Bacteria;Proteobacteria;Gammaproteobacteria","Pdp11","SAMN04495905","PRJNA312231","GCA_002838165.1","Complete",4.9737,46.2,"chromosome:NZ_CP015194.1/CP015194.1",,1,4092,"2017-12-13T00:00:00Z","ftp://ftp.ncbi.nlm.nih.gov/genomes/all/GCA/002/838/165/GCA_002838165.1_ASM283816v1","ftp://ftp.ncbi.nlm.nih.gov/genomes/all/GCF/002/838/165/GCF_002838165.1_ASM283816v1"
"Shewanella baltica","Bacteria;Proteobacteria;Gammaproteobacteria","NCTC10737","SAMEA3881057","PRJEB6403","GCA_900636855.1","Complete",4.99975,46.4,"chromosome 1:NZ_LR134321.1/LR134321.1",,1,4064,"2018-12-19T00:00:00Z","ftp://ftp.ncbi.nlm.nih.gov/genomes/all/GCA/900/636/855/GCA_900636855.1_44858_H01","ftp://ftp.ncbi.nlm.nih.gov/genomes/all/GCF/900/636/855/GCF_900636855.1_44858_H01"
"Shewanella baltica","Bacteria;Proteobacteria;Gammaproteobacteria","CW2","SAMN08768697","PRJNA443144","GCA_003030925.1","Complete",4.94478,46.4,"chromosome:NZ_CP028355.1/CP028355.1",,1,4008,"2018-04-03T00:00:00Z","ftp://ftp.ncbi.nlm.nih.gov/genomes/all/GCA/003/030/925/GCA_003030925.1_ASM303092v1","ftp://ftp.ncbi.nlm.nih.gov/genomes/all/GCF/003/030/925/GCF_003030925.1_ASM303092v1"
"Shewanella sp. ANA-3","Bacteria;Proteobacteria;Gammaproteobacteria","ANA-3","SAMN02598318","PRJNA13905","GCA_000203935.1","Complete",5.25115,47.9725,"chromosome 1:NC_008577.1/CP000469.1; plasmid Plasmid1:NC_008573.1/CP000470.1",,2,4387,"2006-11-08T00:00:00Z","ftp://ftp.ncbi.nlm.nih.gov/genomes/all/GCA/000/203/935/GCA_000203935.1_ASM20393v1","ftp://ftp.ncbi.nlm.nih.gov/genomes/all/GCF/000/203/935/GCF_000203935.1_ASM20393v1"
"Shewanella sp. WPAGA9","Bacteria;Proteobacteria;Gammaproteobacteria","WPAGA9","SAMN16261141","PRJNA665543","GCA_014840975.1","Complete",4.94299,40.8,"chromosome:NZ_CP062058.1/CP062058.1",,1,4069,"2020-10-04T00:00:00Z","ftp://ftp.ncbi.nlm.nih.gov/genomes/all/GCA/014/840/975/GCA_014840975.1_ASM1484097v1","ftp://ftp.ncbi.nlm.nih.gov/genomes/all/GCF/014/840/975/GCF_014840975.1_ASM1484097v1"
"Shewanella baltica","Bacteria;Proteobacteria;Gammaproteobacteria","128","SAMN08730657","PRJNA438860","GCA_003052765.1","Complete",4.89621,46.4,"chromosome:NZ_CP028730.1/CP028730.1",,1,3994,"2018-04-17T00:00:00Z","ftp://ftp.ncbi.nlm.nih.gov/genomes/all/GCA/003/052/765/GCA_003052765.1_ASM305276v1","ftp://ftp.ncbi.nlm.nih.gov/genomes/all/GCF/003/052/765/GCF_003052765.1_ASM305276v1"
"Shewanella sp. Arc9-LZ","Bacteria;Proteobacteria;Gammaproteobacteria","Arc9-LZ","SAMN13831091","PRJNA600761","GCA_010092445.1","Complete",4.91103,41.6,"chromosome:NZ_CP048031.1/CP048031.1",,1,4048,"2020-02-01T00:00:00Z","ftp://ftp.ncbi.nlm.nih.gov/genomes/all/GCA/010/092/445/GCA_010092445.1_ASM1009244v1","ftp://ftp.ncbi.nlm.nih.gov/genomes/all/GCF/010/092/445/GCF_010092445.1_ASM1009244v1"
"Shewanella sp. MR-7","Bacteria;Proteobacteria;Gammaproteobacteria","MR-7","SAMN02598316","PRJNA13903","GCA_000014665.1","Complete",4.79911,47.8935,"chromosome:NC_008322.1/CP000444.1; plasmid Plasmid1:NC_008320.1/CP000445.1",,2,4022,"2006-09-01T00:00:00Z","ftp://ftp.ncbi.nlm.nih.gov/genomes/all/GCA/000/014/665/GCA_000014665.1_ASM1466v1","ftp://ftp.ncbi.nlm.nih.gov/genomes/all/GCF/000/014/665/GCF_000014665.1_ASM1466v1"
"Shewanella sp. MEBiC00475","Bacteria;Proteobacteria;Gammaproteobacteria","MEBiC00475","SAMN11523604","PRJNA540177","GCA_005234075.1","Complete",4.72852,40.6,"chromosome:NZ_CP039928.1/CP039928.1",,1,3936,"2019-05-08T00:00:00Z","ftp://ftp.ncbi.nlm.nih.gov/genomes/all/GCA/005/234/075/GCA_005234075.1_ASM523407v1","ftp://ftp.ncbi.nlm.nih.gov/genomes/all/GCF/005/234/075/GCF_005234075.1_ASM523407v1"
"Shewanella sp. W3-18-1","Bacteria;Proteobacteria;Gammaproteobacteria","W3-18-1","SAMN02598315","PRJNA13902","GCA_000015185.1","Complete",4.70838,44.6,"chromosome:NC_008750.1/CP000503.1",,1,4046,"2007-01-03T00:00:00Z","ftp://ftp.ncbi.nlm.nih.gov/genomes/all/GCA/000/015/185/GCA_000015185.1_ASM1518v1","ftp://ftp.ncbi.nlm.nih.gov/genomes/all/GCF/000/015/185/GCF_000015185.1_ASM1518v1"
"Shewanella sp. MR-4","Bacteria;Proteobacteria;Gammaproteobacteria","MR-4","SAMN02598317","PRJNA13904","GCA_000014685.1","Complete",4.70629,47.9,"chromosome:NC_008321.1/CP000446.1",,1,3930,"2006-09-01T00:00:00Z","ftp://ftp.ncbi.nlm.nih.gov/genomes/all/GCA/000/014/685/GCA_000014685.1_ASM1468v1","ftp://ftp.ncbi.nlm.nih.gov/genomes/all/GCF/000/014/685/GCF_000014685.1_ASM1468v1"
"Shewanella sp. SNU WT4","Bacteria;Proteobacteria;Gammaproteobacteria","SNU WT4","SAMN12084175","PRJNA549365","GCA_006494715.1","Complete",4.1297,45.5061,"chromosome:NZ_CP041151.1/CP041151.1; plasmid unnamed1:NZ_CP041152.1/CP041152.1",,2,3447,"2019-06-27T00:00:00Z","ftp://ftp.ncbi.nlm.nih.gov/genomes/all/GCA/006/494/715/GCA_006494715.1_ASM649471v1","ftp://ftp.ncbi.nlm.nih.gov/genomes/all/GCF/006/494/715/GCF_006494715.1_ASM649471v1"
"Shewanella putrefaciens CN-32","Bacteria;Proteobacteria;Gammaproteobacteria","CN-32","SAMN00623063","PRJNA13393","GCA_000016585.1","Complete",4.65922,44.5,"chromosome:NC_009438.1/CP000681.1",,1,3944,"2007-04-20T00:00:00Z","ftp://ftp.ncbi.nlm.nih.gov/genomes/all/GCA/000/016/585/GCA_000016585.1_ASM1658v1","ftp://ftp.ncbi.nlm.nih.gov/genomes/all/GCF/000/016/585/GCF_000016585.1_ASM1658v1"
"Shewanella algae","Bacteria;Proteobacteria;Gammaproteobacteria","RQs-106","SAMN13381317","PRJNA591395","GCA_009730655.1","Complete",4.99003,53,"chromosome:NZ_CP046378.1/CP046378.1",,1,4277,"2019-12-05T00:00:00Z","ftp://ftp.ncbi.nlm.nih.gov/genomes/all/GCA/009/730/655/GCA_009730655.1_ASM973065v1","ftp://ftp.ncbi.nlm.nih.gov/genomes/all/GCF/009/730/655/GCF_009730655.1_ASM973065v1"
"Shewanella algae","Bacteria;Proteobacteria;Gammaproteobacteria","KC-Na-R1","SAMN10373660","PRJNA503779","GCA_003721455.1","Complete",5.20344,52.7683,"chromosome:NZ_CP033575.1/CP033575.1; plasmid pKC-Na-R1:NZ_CP033574.1/CP033574.1",,2,4508,"2018-11-12T00:00:00Z","ftp://ftp.ncbi.nlm.nih.gov/genomes/all/GCA/003/721/455/GCA_003721455.1_ASM372145v1","ftp://ftp.ncbi.nlm.nih.gov/genomes/all/GCF/003/721/455/GCF_003721455.1_ASM372145v1"
"Shewanella putrefaciens","Bacteria;Proteobacteria;Gammaproteobacteria","ATCC 8071","SAMN17120581","PRJNA686146","GCA_016406325.1","Complete",4.38633,44.4,"chromosome:NZ_CP066370.1/CP066370.1",,1,3697,"2020-12-27T00:00:00Z","ftp://ftp.ncbi.nlm.nih.gov/genomes/all/GCA/016/406/325/GCA_016406325.1_ASM1640632v1","ftp://ftp.ncbi.nlm.nih.gov/genomes/all/GCF/016/406/325/GCF_016406325.1_ASM1640632v1"
"Shewanella baltica OS195","Bacteria;Proteobacteria;Gammaproteobacteria","OS195","SAMN00623061","PRJNA13389","GCA_000018765.1","Complete",5.54754,46.1909,"chromosome:NC_009997.1/CP000891.1; plasmid pS19501:NC_009998.1/CP000892.1; plasmid pS19502:NC_009999.1/CP000893.1; plasmid pS19503:NC_010000.1/CP000894.1",,4,4627,"2007-11-21T00:00:00Z","ftp://ftp.ncbi.nlm.nih.gov/genomes/all/GCA/000/018/765/GCA_000018765.1_ASM1876v1","ftp://ftp.ncbi.nlm.nih.gov/genomes/all/GCF/000/018/765/GCF_000018765.1_ASM1876v1"
"Shewanella baltica OS117","Bacteria;Proteobacteria;Gammaproteobacteria","OS117","SAMN00713637","PRJNA49451","GCA_000215895.1","Complete",5.52602,45.9893,"chromosome:NC_017579.1/CP002811.1; plasmid pSBAL11701:NC_017577.1/CP002812.1; plasmid pSBAL11702:NC_017580.1/CP002813.1; plasmid pSBAL11703:NC_017578.1/CP002814.1",,4,4556,"2011-06-06T00:00:00Z","ftp://ftp.ncbi.nlm.nih.gov/genomes/all/GCA/000/215/895/GCA_000215895.1_ASM21589v1","ftp://ftp.ncbi.nlm.nih.gov/genomes/all/GCF/000/215/895/GCF_000215895.1_ASM21589v1"
"Shewanella putrefaciens","Bacteria;Proteobacteria;Gammaproteobacteria","NCTC12093","SAMEA3724093","PRJEB6403","GCA_900636665.1","Complete",5.0494,47.9,"chromosome 1:NZ_LR134303.1/LR134303.1",,1,4209,"2018-12-19T00:00:00Z","ftp://ftp.ncbi.nlm.nih.gov/genomes/all/GCA/900/636/665/GCA_900636665.1_43781_G01","ftp://ftp.ncbi.nlm.nih.gov/genomes/all/GCF/900/636/665/GCF_900636665.1_43781_G01"
"Shewanella algae","Bacteria;Proteobacteria;Gammaproteobacteria","2NE11","SAMN15232066","PRJNA547647","GCA_014263185.1","Complete",5.03081,53,"chromosome:NZ_CP055159.1/CP055159.1",,1,4288,"2020-08-21T00:00:00Z","ftp://ftp.ncbi.nlm.nih.gov/genomes/all/GCA/014/263/185/GCA_014263185.1_ASM1426318v1","ftp://ftp.ncbi.nlm.nih.gov/genomes/all/GCF/014/263/185/GCF_014263185.1_ASM1426318v1"
"Shewanella algae","Bacteria;Proteobacteria;Gammaproteobacteria","VGH117","SAMN08166472","PRJNA507868","GCA_014702225.1","Complete",4.7968,53.1,"chromosome:NZ_CP034246.1/CP034246.1",,1,4110,"2020-09-22T00:00:00Z","ftp://ftp.ncbi.nlm.nih.gov/genomes/all/GCA/014/702/225/GCA_014702225.1_ASM1470222v1","ftp://ftp.ncbi.nlm.nih.gov/genomes/all/GCF/014/702/225/GCF_014702225.1_ASM1470222v1"
"Shewanella putrefaciens 200","Bacteria;Proteobacteria;Gammaproteobacteria","200","SAMN00632276","PRJNA13392","GCA_000169215.2","Complete",4.84025,44.5,"chromosome:NC_017566.1/CP002457.1",,1,4145,"2011-01-18T00:00:00Z","ftp://ftp.ncbi.nlm.nih.gov/genomes/all/GCA/000/169/215/GCA_000169215.2_ASM16921v2","ftp://ftp.ncbi.nlm.nih.gov/genomes/all/GCF/000/169/215/GCF_000169215.2_ASM16921v2"
"Shewanella baltica OS223","Bacteria;Proteobacteria;Gammaproteobacteria","OS223","SAMN00623062","PRJNA17985","GCA_000021665.1","Complete",5.35888,46.2523,"chromosome:NC_011663.1/CP001252.1; plasmid pS22301:NC_011664.1/CP001253.1; plasmid pS22302:NC_011668.1/CP001254.1; plasmid pS22303:NC_011665.1/CP001255.1",,4,4378,"2008-12-15T00:00:00Z","ftp://ftp.ncbi.nlm.nih.gov/genomes/all/GCA/000/021/665/GCA_000021665.1_ASM2166v1","ftp://ftp.ncbi.nlm.nih.gov/genomes/all/GCF/000/021/665/GCF_000021665.1_ASM2166v1"
"Shewanella putrefaciens","Bacteria;Proteobacteria;Gammaproteobacteria","FDAARGOS_681","SAMN11056396","PRJNA231221","GCA_009730575.1","Complete",4.65962,44.5,"chromosome:NZ_CP046329.1/CP046329.1",,1,3940,"2019-12-05T00:00:00Z","ftp://ftp.ncbi.nlm.nih.gov/genomes/all/GCA/009/730/575/GCA_009730575.1_ASM973057v1","ftp://ftp.ncbi.nlm.nih.gov/genomes/all/GCF/009/730/575/GCF_009730575.1_ASM973057v1"
"Shewanella algae","Bacteria;Proteobacteria;Gammaproteobacteria","CCU101","SAMN06099076","PRJNA356098","GCA_003427415.1","Complete",4.91934,53.0677,"chromosome:NZ_CP018456.1/CP018456.1; plasmid unnamed:NZ_CP018457.1/CP018457.1",,2,3987,"2018-08-24T00:00:00Z","ftp://ftp.ncbi.nlm.nih.gov/genomes/all/GCA/003/427/415/GCA_003427415.1_ASM342741v1","ftp://ftp.ncbi.nlm.nih.gov/genomes/all/GCF/003/427/415/GCF_003427415.1_ASM342741v1"
"Shewanella algae","Bacteria;Proteobacteria;Gammaproteobacteria","18064-CSB-B-B","SAMN13381879","PRJNA591450","GCA_009846595.1","Complete",4.90387,53.0421,"chromosome:NZ_CP047422.1/CP047422.1; plasmid p18064-65-CSB-B-B:NZ_CP047421.1/CP047421.1",,2,4227,"2020-01-10T00:00:00Z","ftp://ftp.ncbi.nlm.nih.gov/genomes/all/GCA/009/846/595/GCA_009846595.1_ASM984659v1","ftp://ftp.ncbi.nlm.nih.gov/genomes/all/GCF/009/846/595/GCF_009846595.1_ASM984659v1"
"Shewanella putrefaciens","Bacteria;Proteobacteria;Gammaproteobacteria","CGMCC-1.6515","SAMN17120582","PRJNA686146","GCA_016406305.1","Complete",4.5754,47,"chromosome:NZ_CP066369.1/CP066369.1",,1,3810,"2020-12-27T00:00:00Z","ftp://ftp.ncbi.nlm.nih.gov/genomes/all/GCA/016/406/305/GCA_016406305.1_ASM1640630v1","ftp://ftp.ncbi.nlm.nih.gov/genomes/all/GCF/016/406/305/GCF_016406305.1_ASM1640630v1"
"Shewanella baltica OS155","Bacteria;Proteobacteria;Gammaproteobacteria","OS155","SAMN02598299","PRJNA13386","GCA_000015845.1","Complete",5.3429,46.2451,"chromosome:NC_009052.1/CP000563.1; plasmid pSbal01:NC_009035.1/CP000564.1; plasmid pSbal02:NC_009036.1/CP000565.1; plasmid pSbal03:NC_009037.1/CP000566.1; plasmid pSbal04:NC_009038.1/CP000567.1",,5,4352,"2007-02-20T00:00:00Z","ftp://ftp.ncbi.nlm.nih.gov/genomes/all/GCA/000/015/845/GCA_000015845.1_ASM1584v1","ftp://ftp.ncbi.nlm.nih.gov/genomes/all/GCF/000/015/845/GCF_000015845.1_ASM1584v1"
"Shewanella baltica BA175","Bacteria;Proteobacteria;Gammaproteobacteria","BA175","SAMN00016994","PRJNA49719","GCA_000147735.3","Complete",5.1994,46.1333,"chromosome:NC_017571.1/CP002767.1; plasmid pSBAL17501:NC_017570.1/CP002768.1; plasmid pSBAL17502:NC_017572.1/CP002769.1",,3,4274,"2011-05-24T00:00:00Z","ftp://ftp.ncbi.nlm.nih.gov/genomes/all/GCA/000/147/735/GCA_000147735.3_ASM14773v3","ftp://ftp.ncbi.nlm.nih.gov/genomes/all/GCF/000/147/735/GCF_000147735.2_ASM14773v3"
"Shewanella putrefaciens","Bacteria;Proteobacteria;Gammaproteobacteria","WS13","SAMN08180388","PRJNA422021","GCA_003044255.1","Complete",4.38446,44.4,"chromosome:NZ_CP028435.1/CP028435.1",,1,3227,"2018-04-08T00:00:00Z","ftp://ftp.ncbi.nlm.nih.gov/genomes/all/GCA/003/044/255/GCA_003044255.1_ASM304425v1","ftp://ftp.ncbi.nlm.nih.gov/genomes/all/GCF/003/044/255/GCF_003044255.1_ASM304425v1"
